Model,Precision,Recall,mAP50,n_images,mean_of_means_ms,std_of_means_ms
yolo11n_rodes,0.7640878518300901,0.7818181818181819,0.8100964046933601,209,8.60430076555024,0.34275288287765715
yolov11n_2C,0.6363636363636364,0.06363636363636363,0.34623141260034473,209,8.323194832535885,0.9984939297537646
yolov11n_sharpB_recent,0.0963302752293578,0.19090909090909092,0.0937822401368271,209,8.90722918660287,0.44486123769943403
yolov8n_2C,1.0,0.09090909090909091,0.54545,209,6.38665110047847,0.38773244233057297
