Model,Precision,Recall,mAP50,n_images,mean_of_means_ms,std_of_means_ms
yolo11n_rodes,0.010460856649844384,0.03608247422680412,0.0020523496399282395,209,10.340305454545456,0.5385280263429665
yolov11n_2C,0.9084769309729619,0.8426939989887363,0.917798973517449,209,10.244244210526315,0.9435654566236874
yolov11n_sharpB_recent,0.33391756195712846,0.3711340206185567,0.341810685226765,209,10.069296076555023,0.46943185085081207
yolov8n_2C,0.8841437213283807,0.8896595444235826,0.9192067902894168,209,7.823262775119616,3.5698982432613033
