Model,Metric,Value
yolov11n_2C,mAP50,0.34623141260034473
yolov11n_2C,Precision,0.6363636363636364
yolov11n_2C,Recall,0.06363636363636363
yolov8n_2C,mAP50,0.54545
yolov8n_2C,Precision,1.0
yolov8n_2C,Recall,0.09090909090909091
yolo11n_rodes,mAP50,0.8100964046933601
yolo11n_rodes,Precision,0.7640878518300901
yolo11n_rodes,Recall,0.7818181818181819
yolov11n_sharpB_recent,mAP50,0.0937822401368271
yolov11n_sharpB_recent,Precision,0.0963302752293578
yolov11n_sharpB_recent,Recall,0.19090909090909092
