Model,Precision,Recall,mAP50
yolo11n_rodes,0.7640878518300901,0.7818181818181819,0.8100964046933601
yolov11n_2C,0.6363636363636364,0.06363636363636363,0.34623141260034473
yolov11n_sharpB_recent,0.0963302752293578,0.19090909090909092,0.0937822401368271
yolov8n_2C,1.0,0.09090909090909091,0.54545
