build,n_images,mean_of_means_ms,std_of_means_ms
yolo11n_rodes,209,8.60430076555024,0.34275288287765715
yolov11n_2C,209,8.323194832535885,0.9984939297537646
yolov11n_sharpB_recent,209,8.90722918660287,0.44486123769943403
yolov8n_2C,209,6.38665110047847,0.38773244233057297
