build,n_runs,n_avgs,mean_run_avg_ms,std_run_avg_ms
yolo11n_rodes,5,5,8.604300765550239,0.24706908289798996
yolov11n_2C,5,5,8.323194832535886,0.2338880178579986
yolov11n_sharpB_recent,5,5,8.907229186602871,0.5641711640032706
yolov8n_2C,5,5,6.386651100478469,0.39882681630759087
