build,n_vals,mean_pooled_ms,std_pooled_ms
yolo11n_rodes,1045,8.604300765550239,0.7215981799191096
yolov11n_2C,1045,8.323194832535886,2.087239706345113
yolov11n_sharpB_recent,1045,8.907229186602871,1.1201532960281317
yolov8n_2C,1045,6.386651100478469,0.9346409091535541
