Model,Precision,Recall,mAP50
yolo11n_rodes,0.050664380863394615,0.006535947712418301,0.001208451263410392
yolov11n_2C,0.9578902414100521,0.7973856209150327,0.9448691037894935
yolov11n_sharpB_recent,0.9330138089894233,0.8758169934640523,0.9492408805271452
yolov8n_2C,0.9322803544575847,0.9411764705882353,0.9771635881379221
