build,n_images,mean_of_means_ms,std_of_means_ms
yolo11n_rodes,209,8.261173205741628,0.27519849445621475
yolov11n_2C,209,8.3981004784689,0.8478158374603383
yolov11n_sharpB_recent,209,8.282875980861244,0.2693011560073754
yolov8n_2C,209,6.072125071770336,0.3000143288940401
