build,n_vals,mean_pooled_ms,std_pooled_ms
yolo11n_rodes,1045,8.261173205741626,0.577021438897325
yolov11n_2C,1045,8.3981004784689,1.7521603604676226
yolov11n_sharpB_recent,1045,8.282875980861244,0.5816044635211066
yolov8n_2C,1045,6.072125071770334,0.6250057786397889
