build,n_runs,n_avgs,mean_run_avg_ms,std_run_avg_ms
yolo11n_rodes,5,5,8.261173205741628,0.07792006187250564
yolov11n_2C,5,5,8.3981004784689,0.12391961027448951
yolov11n_sharpB_recent,5,5,8.282875980861245,0.17608281057314076
yolov8n_2C,5,5,6.072125071770335,0.1499386193691122
