Model,Precision,Recall,mAP50,n_images,mean_of_means_ms,std_of_means_ms
yolo11n_rodes,0.050664380863394615,0.006535947712418301,0.001208451263410392,209,8.261173205741628,0.27519849445621475
yolov11n_2C,0.9578902414100521,0.7973856209150327,0.9448691037894935,209,8.3981004784689,0.8478158374603383
yolov11n_sharpB_recent,0.9330138089894233,0.8758169934640523,0.9492408805271452,209,8.282875980861244,0.2693011560073754
yolov8n_2C,0.9322803544575847,0.9411764705882353,0.9771635881379221,209,6.072125071770336,0.3000143288940401
