Model,Precision,Recall,mAP50
yolo11n_rodes,0.010460856649844384,0.03608247422680412,0.0020523496399282395
yolov11n_2C,0.9084769309729619,0.8426939989887363,0.917798973517449
yolov11n_sharpB_recent,0.33391756195712846,0.3711340206185567,0.341810685226765
yolov8n_2C,0.8841437213283807,0.8896595444235826,0.9192067902894168
