build,n_vals,mean_pooled_ms,std_pooled_ms
yolo11n_rodes,1045,10.340305454545456,1.1549103099702207
yolov11n_2C,1045,10.244244210526315,1.890028292276398
yolov11n_sharpB_recent,1045,10.069296076555023,0.8769918377157301
yolov8n_2C,1045,7.823262775119618,8.052726702365323
