build,n_runs,n_avgs,mean_run_avg_ms,std_run_avg_ms
yolo11n_rodes,5,5,10.340305454545454,0.17983411179113107
yolov11n_2C,5,5,10.244244210526315,0.16388356648600222
yolov11n_sharpB_recent,5,5,10.069296076555023,0.10659524484392958
yolov8n_2C,5,5,7.823262775119618,0.6232701670873917
