build,n_images,mean_of_means_ms,std_of_means_ms
yolo11n_rodes,209,10.340305454545456,0.5385280263429665
yolov11n_2C,209,10.244244210526315,0.9435654566236874
yolov11n_sharpB_recent,209,10.069296076555023,0.46943185085081207
yolov8n_2C,209,7.823262775119616,3.5698982432613033
